{
  "SRBC": {
    "coin": "SRBC",
    "name": "SRBC",
    "coingecko_id": "test-coin",
    "coinpaprika_id": "test-coin",
    "electrum": [
      {
        "url": "electrum1.sudoba.com:50001"
      },
      {
        "url": "electrum2.sudoba.com:50001"
      }
    ],
    "explorer_url": [
      "http://explorer.sudoba.com:28245/"
    ],
    "type": "Smart Chain",
    "is_erc_20": false,
    "active": false,
    "currently_enabled": false
  },
  "AXE": {
    "coin": "AXE",
    "name": "Axe",
    "coinpaprika_id": "axe-axe",
    "coingecko_id": "axe",
    "electrum": [
      {
        "url": "electrum1.cipig.net:10057"
      },
      {
        "url": "electrum2.cipig.net:10057"
      },
      {
        "url": "electrum3.cipig.net:10057"
      }
    ],
    "explorer_url": [
      "https://insight.axerunners.com/"
    ],
    "type": "UTXO",
    "active": false,
    "currently_enabled": false
  },
  "BTC": {
    "coin": "BTC",
    "name": "Bitcoin",
    "type": "UTXO",
    "coingecko_id": "bitcoin",
    "coinpaprika_id": "btc-bitcoin",
    "electrum": [
      {
        "url": "electrum3.cipig.net:10000"
      },
      {
        "url": "electrum2.cipig.net:10000"
      },
      {
        "url": "electrum1.cipig.net:10000"
      }
    ],
    "explorer_url": [
      "https://blockstream.info/"
    ],
    "active": true,
    "currently_enabled": false
  },
  "BTCH": {
    "coin": "BTCH",
    "name": "Bitcoin Hush",
    "coinpaprika_id": "test-coin",
    "coingecko_id": "test-coin",
    "electrum": [
      {
        "url": "electrum1.cipig.net:10020"
      },
      {
        "url": "electrum2.cipig.net:10020"
      },
      {
        "url": "electrum3.cipig.net:10020"
      }
    ],
    "explorer_url": [
      "https://btch.explorer.dexstats.info/"
    ],
    "type": "Smart Chain",
    "active": false,
    "currently_enabled": false
  },
  "BCH": {
    "active": false,
    "coin": "BCH",
    "coingecko_id": "bitcoin-cash",
    "coinpaprika_id": "bch-bitcoin-cash",
    "currently_enabled": false,
    "electrum": [
      {
        "url": "electrum1.cipig.net:10055"
      },
      {
        "url": "electrum2.cipig.net:10055"
      },
      {
        "url": "electrum3.cipig.net:10055"
      }
    ],
    "explorer_url": [
      "https://explorer.bitcoin.com/bch/"
    ],
    "type": "UTXO",
    "name": "Bitcoin Cash"
  },
  "BET": {
    "coin": "BET",
    "name": "BET",
    "type": "Smart Chain",
    "coingecko_id": "test-coin",
    "coinpaprika_id": "test-coin",
    "electrum": [
      {
        "url": "electrum1.cipig.net:10012"
      },
      {
        "url": "electrum2.cipig.net:10012"
      },
      {
        "url": "electrum3.cipig.net:10012"
      }
    ],
    "explorer_url": [
      "https://bet.explorer.dexstats.info/"
    ],
    "active": false,
    "currently_enabled": false
  },
  "BOTS": {
    "coin": "BOTS",
    "name": "BOTS",
    "type": "Smart Chain",
    "coingecko_id": "test-coin",
    "coinpaprika_id": "test-coin",
    "electrum": [
      {
        "url": "electrum1.cipig.net:10007"
      },
      {
        "url": "electrum2.cipig.net:10007"
      },
      {
        "url": "electrum3.cipig.net:10007"
      }
    ],
    "explorer_url": [
      "https://bots.explorer.dexstats.info/"
    ],
    "active": false,
    "currently_enabled": false
  },
  "BUSD": {
    "coin": "BUSD",
    "name": "Binance USD",
    "coinpaprika_id": "busd-binance-usd",
    "coingecko_id": "binance-usd",
    "eth_nodes": [
      "http://eth1.cipig.net:8555",
      "http://eth2.cipig.net:8555",
      "http://eth3.cipig.net:8555"
    ],
    "explorer_url": [
      "https://etherscan.io/"
    ],
    "type": "ERC-20",
    "active": false,
    "currently_enabled": false
  },
  "CCL": {
    "coin": "CCL",
    "name": "CoinCollect",
    "coinpaprika_id": "test-coin",
    "coingecko_id": "test-coin",
    "electrum": [
      {
        "url": "electrum1.cipig.net:10029"
      },
      {
        "url": "electrum2.cipig.net:10029"
      },
      {
        "url": "electrum3.cipig.net:10029"
      }
    ],
    "explorer_url": [
      "https://ccl.explorer.dexstats.info/"
    ],
    "type": "Smart Chain",
    "active": false,
    "currently_enabled": false
  },
  "COQUI": {
    "coin": "COQUI",
    "name": "Coqui Cash",
    "coinpaprika_id": "test-coin",
    "coingecko_id": "test-coin",
    "electrum": [
      {
        "url": "electrum1.cipig.net:10011"
      },
      {
        "url": "electrum2.cipig.net:10011"
      },
      {
        "url": "electrum3.cipig.net:10011"
      }
    ],
    "explorer_url": [
      "https://coquicash.explorer.dexstats.info/"
    ],
    "type": "Smart Chain",
    "active": false,
    "currently_enabled": false
  },
  "CRYPTO": {
    "coin": "CRYPTO",
    "name": "CRYPTO",
    "type": "Smart Chain",
    "coingecko_id": "test-coin",
    "coinpaprika_id": "test-coin",
    "electrum": [
      {
        "url": "electrum1.cipig.net:10008"
      },
      {
        "url": "electrum2.cipig.net:10008"
      },
      {
        "url": "electrum3.cipig.net:10008"
      }
    ],
    "explorer_url": [
      "https://crypto.explorer.dexstats.info/"
    ],
    "active": false,
    "currently_enabled": false
  },
  "DAI": {
    "coin": "DAI",
    "name": "Dai",
    "coinpaprika_id": "dai-dai",
    "coingecko_id": "dai",
    "eth_nodes": [
      "http://eth1.cipig.net:8555",
      "http://eth2.cipig.net:8555",
      "http://eth3.cipig.net:8555"
    ],
    "explorer_url": [
      "https://etherscan.io/"
    ],
    "type": "ERC-20",
    "active": false,
    "currently_enabled": false
  },
  "DASH": {
    "active": false,
    "coin": "DASH",
    "name": "Dash",
    "coingecko_id": "bitcoin",
    "coinpaprika_id": "dash-dash",
    "currently_enabled": false,
    "electrum": [
      {
        "url": "electrum1.cipig.net:10061"
      },
      {
        "url": "electrum2.cipig.net:10061"
      },
      {
        "url": "electrum3.cipig.net:10061"
      }
    ],
    "explorer_url": [
      "https://blockchair.com/dash/"
    ],
    "explorer_tx_url": "transaction/",
    "type": "UTXO"
  },
  "DGB": {
    "active": false,
    "coin": "DGB",
    "name": "DigiByte",
    "coinpaprika_id": "dgb-digibyte",
    "currently_enabled": false,
    "electrum": [
      {
        "url": "electrum1.cipig.net:10059"
      },
      {
        "url": "electrum2.cipig.net:10059"
      },
      {
        "url": "electrum3.cipig.net:10059"
      }
    ],
    "explorer_url": [
      "https://digiexplorer.info/"
    ],
    "type": "UTXO"
  },
  "DOGE": {
    "coin": "DOGE",
    "name": "Dogecoin",
    "coinpaprika_id": "doge-dogecoin",
    "electrum": [
      {
        "url": "electrum1.cipig.net:10060"
      },
      {
        "url": "electrum2.cipig.net:10060"
      },
      {
        "url": "electrum3.cipig.net:10060"
      }
    ],
    "explorer_url": [
      "https://dogechain.info/"
    ],
    "type": "UTXO",
    "active": false,
    "currently_enabled": false
  },
  "ECA": {
    "coin": "ECA",
    "name": "Electra",
    "coinpaprika_id": "eca-electra",
    "coingecko_id": "electra",
    "electrum": [
      {
        "url": "electrum1.cipig.net:10052"
      },
      {
        "url": "electrum2.cipig.net:10052"
      },
      {
        "url": "electrum3.cipig.net:10052"
      }
    ],
    "explorer_url": [
      "https://explorer.electraproject.org/"
    ],
    "type": "UTXO",
    "active": false,
    "currently_enabled": false
  },
  "EMC2": {
    "coin": "EMC2",
    "name": "Einsteinium",
    "coinpaprika_id": "emc2-einsteinium",
    "coingecko_id": "einsteinium",
    "electrum": [
      {
        "url": "electrum1.cipig.net:10062"
      },
      {
        "url": "electrum2.cipig.net:10062"
      },
      {
        "url": "electrum3.cipig.net:10062"
      }
    ],
    "explorer_url": [
      "https://chainz.cryptoid.info/emc2/"
    ],
    "explorer_tx_url": "tx.dws?",
    "explorer_address_url": "address.dws?",
    "type": "UTXO",
    "active": false,
    "currently_enabled": false
  },
  "FTC": {
    "coin": "FTC",
    "name": "Feathercoin",
    "coinpaprika_id": "ftc-feathercoin",
    "electrum": [
      {
        "url": "electrum1.cipig.net:10054"
      },
      {
        "url": "electrum2.cipig.net:10054"
      },
      {
        "url": "electrum3.cipig.net:10054"
      }
    ],
    "explorer_url": [
      "http://explorer.feathercoin.com/"
    ],
    "type": "UTXO",
    "active": false,
    "currently_enabled": false
  },
  "GLEEC": {
    "coin": "GLEEC",
    "name": "Gleec",
    "coinpaprika_id": "gleec-gleec-coin",
    "coingecko_id": "gleec-coin",
    "electrum": [
      {
        "url": "electrum1.cipig.net:10069"
      },
      {
        "url": "electrum2.cipig.net:10069"
      },
      {
        "url": "electrum3.cipig.net:10069"
      }
    ],
    "explorer_url": [
      "https://gleechain.com/"
    ],
    "type": "UTXO",
    "active": false,
    "currently_enabled": false
  },
  "HODL": {
    "coin": "HODL",
    "name": "HODL",
    "coinpaprika_id": "test-coin",
    "coingecko_id": "test-coin",
    "electrum": [
      {
        "url": "electrum1.cipig.net:10009"
      },
      {
        "url": "electrum2.cipig.net:10009"
      },
      {
        "url": "electrum3.cipig.net:10009"
      }
    ],
    "explorer_url": [
      "https://hodl.explorer.dexstats.info/"
    ],
    "type": "Smart Chain",
    "active": false,
    "currently_enabled": false
  },
  "JUMBLR": {
    "coin": "JUMBLR",
    "name": "JUMBLR",
    "type": "Smart Chain",
    "coingecko_id": "test-coin",
    "coinpaprika_id": "test-coin",
    "electrum": [
      {
        "url": "electrum1.cipig.net:10004"
      },
      {
        "url": "electrum2.cipig.net:10004"
      },
      {
        "url": "electrum3.cipig.net:10004"
      }
    ],
    "explorer_url": [
      "https://jumblr.explorer.dexstats.info/"
    ],
    "active": false,
    "currently_enabled": false
  },
  "KOIN": {
    "coin": "KOIN",
    "name": "Koinon",
    "coinpaprika_id": "koin-koinon",
    "coingecko_id": "koinon",
    "electrum": [
      {
        "url": "electrum1.cipig.net:10024"
      },
      {
        "url": "electrum2.cipig.net:10024"
      },
      {
        "url": "electrum3.cipig.net:10024"
      }
    ],
    "explorer_url": [
      "https://koin.explorer.dexstats.info/"
    ],
    "type": "Smart Chain",
    "active": false,
    "currently_enabled": false
  },
  "LTC": {
    "active": false,
    "coin": "LTC",
    "coingecko_id": "litecoin",
    "coinpaprika_id": "ltc-litecoin",
    "currently_enabled": false,
    "electrum": [
      {
        "url": "electrum1.cipig.net:10063"
      },
      {
        "url": "electrum2.cipig.net:10063"
      },
      {
        "url": "electrum3.cipig.net:10063"
      }
    ],
    "explorer_url": [
      "https://blockexplorer.one/litecoin/mainnet/"
    ],
    "type": "UTXO",
    "name": "Litecoin"
  },
  "MCL": {
    "active": false,
    "coin": "MCL",
    "coingecko_id": "test-coin",
    "coinpaprika_id": "test-coin",
    "currently_enabled": false,
    "electrum": [
      {
        "url": "electrum1.cipig.net:10023"
      },
      {
        "url": "electrum2.cipig.net:10023"
      },
      {
        "url": "electrum3.cipig.net:10023"
      }
    ],
    "explorer_url": [
      "http://explorer.marmara.io/"
    ],
    "type": "Smart Chain",
    "name": "MCL"
  },
  "MSHARK": {
    "coin": "MSHARK",
    "name": "MiliShark",
    "coinpaprika_id": "test-coin",
    "coingecko_id": "test-coin",
    "electrum": [
      {
        "url": "electrum1.cipig.net:10013"
      },
      {
        "url": "electrum2.cipig.net:10013"
      },
      {
        "url": "electrum3.cipig.net:10013"
      }
    ],
    "explorer_url": [
      "https://mshark.explorer.dexstats.info/"
    ],
    "type": "Smart Chain",
    "active": false,
    "currently_enabled": false
  },
  "PAX": {
    "coin": "PAX",
    "name": "Paxos Standard",
    "coinpaprika_id": "pax-paxos-standard-token",
    "coingecko_id": "paxos-standard",
    "eth_nodes": [
      "http://eth1.cipig.net:8555",
      "http://eth2.cipig.net:8555",
      "http://eth3.cipig.net:8555"
    ],
    "explorer_url": [
      "https://etherscan.io/"
    ],
    "type": "ERC-20",
    "active": false,
    "currently_enabled": false
  },
  "ETH": {
    "active": false,
    "coin": "ETH",
    "coingecko_id": "ethereum",
    "coinpaprika_id": "eth-ethereum",
    "currently_enabled": false,
    "eth_nodes": [
      "http://eth1.cipig.net:8555",
      "http://eth2.cipig.net:8555",
      "http://eth3.cipig.net:8555"
    ],
    "explorer_url": [
      "https://etherscan.io/"
    ],
    "type": "ERC-20",
    "name": "Ethereum"
  },
  "USDC": {
    "active": false,
    "coin": "USDC",
    "coingecko_id": "usd-coin",
    "coinpaprika_id": "usdc-usd-coin",
    "currently_enabled": false,
    "eth_nodes": [
      "http://eth1.cipig.net:8555",
      "http://eth2.cipig.net:8555",
      "http://eth3.cipig.net:8555"
    ],
    "explorer_url": [
      "https://etherscan.io/"
    ],
    "type": "ERC-20",
    "name": "USD Coin"
  },
  "AWC": {
    "active": false,
    "coin": "AWC",
    "coingecko_id": "awc",
    "coinpaprika_id": "awc-atomic-wallet-coin",
    "currently_enabled": false,
    "eth_nodes": [
      "http://eth1.cipig.net:8555",
      "http://eth2.cipig.net:8555",
      "http://eth3.cipig.net:8555"
    ],
    "explorer_url": [
      "https://etherscan.io/"
    ],
    "type": "ERC-20",
    "name": "Atomic Wallet Coin"
  },
  "BAT": {
    "coin": "BAT",
    "name": "Basic Attention Token",
    "coinpaprika_id": "bat-basic-attention-token",
    "eth_nodes": [
      "http://eth1.cipig.net:8555",
      "http://eth2.cipig.net:8555",
      "http://eth3.cipig.net:8555"
    ],
    "explorer_url": [
      "https://etherscan.io/"
    ],
    "type": "ERC-20",
    "active": false,
    "currently_enabled": false
  },
  "TUSD": {
    "active": false,
    "coin": "TUSD",
    "coingecko_id": "tusd",
    "coinpaprika_id": "tusd-trueusd",
    "currently_enabled": false,
    "eth_nodes": [
      "http://eth1.cipig.net:8555",
      "http://eth2.cipig.net:8555",
      "http://eth3.cipig.net:8555"
    ],
    "explorer_url": [
      "https://etherscan.io/"
    ],
    "type": "ERC-20",
    "name": "True USD"
  },
  "KMD": {
    "coin": "KMD",
    "name": "Komodo",
    "type": "Smart Chain",
    "is_claimable": true,
    "minimal_claim_amount": "10",
    "coingecko_id": "komodo",
    "coinpaprika_id": "kmd-komodo",
    "electrum": [
      {
        "url": "electrum3.cipig.net:10001"
      },
      {
        "url": "electrum2.cipig.net:10001"
      },
      {
        "url": "electrum1.cipig.net:10001"
      }
    ],
    "explorer_url": [
      "https://kmdexplorer.io/"
    ],
    "active": true,
    "currently_enabled": false
  },
  "LABS": {
    "coin": "LABS",
    "name": "Labs",
    "type": "Smart Chain",
    "coingecko_id": "test-coin",
    "coinpaprika_id": "test-coin",
    "electrum": [
      {
        "url": "electrum1.cipig.net:10019"
      },
      {
        "url": "electrum2.cipig.net:10019"
      },
      {
        "url": "electrum3.cipig.net:10019"
      }
    ],
    "explorer_url": [
      "https://labs.explorer.dexstats.info/"
    ],
    "active": false,
    "currently_enabled": false
  },
  "MGW": {
    "coin": "MGW",
    "name": "MGW",
    "type": "Smart Chain",
    "coingecko_id": "test-coin",
    "coinpaprika_id": "test-coin",
    "electrum": [
      {
        "url": "electrum1.cipig.net:10015"
      },
      {
        "url": "electrum2.cipig.net:10015"
      },
      {
        "url": "electrum3.cipig.net:10015"
      }
    ],
    "explorer_url": [
      "https://mgw.explorer.dexstats.info/"
    ],
    "active": false,
    "currently_enabled": false
  },
  "DEX": {
    "coin": "DEX",
    "name": "Dex",
    "type": "Smart Chain",
    "coingecko_id": "test-coin",
    "coinpaprika_id": "test-coin",
    "electrum": [
      {
        "url": "electrum1.cipig.net:10006"
      },
      {
        "url": "electrum2.cipig.net:10006"
      },
      {
        "url": "electrum3.cipig.net:10006"
      }
    ],
    "explorer_url": [
      "https://dex.explorer.dexstats.info/"
    ],
    "active": false,
    "currently_enabled": false
  },
  "RICK": {
    "coin": "RICK",
    "asset": "RICK",
    "type": "Smart Chain",
    "name": "Rick (TESTCOIN)",
    "coingecko_id": "test-coin",
    "coinpaprika_id": "test-coin",
    "electrum": [
      {
        "url": "electrum3.cipig.net:10017"
      },
      {
        "url": "electrum2.cipig.net:10017"
      },
      {
        "url": "electrum1.cipig.net:10017"
      }
    ],
    "explorer_url": [
      "https://rick.kmd.dev/"
    ],
    "active": false,
    "currently_enabled": false
  },
  "MORTY": {
    "coin": "MORTY",
    "asset": "MORTY",
    "type": "Smart Chain",
    "name": "Morty (TESTCOIN)",
    "coingecko_id": "test-coin",
    "coinpaprika_id": "test-coin",
    "electrum": [
      {
        "url": "electrum3.cipig.net:10018"
      },
      {
        "url": "electrum2.cipig.net:10018"
      },
      {
        "url": "electrum1.cipig.net:10018"
      }
    ],
    "explorer_url": [
      "https://morty.kmd.dev/"
    ],
    "active": false,
    "currently_enabled": false
  },
  "PANGEA": {
    "coin": "PANGEA",
    "name": "Pangea",
    "type": "Smart Chain",
    "coingecko_id": "test-coin",
    "coinpaprika_id": "test-coin",
    "electrum": [
      {
        "url": "electrum1.cipig.net:10010"
      },
      {
        "url": "electrum2.cipig.net:10010"
      },
      {
        "url": "electrum3.cipig.net:10010"
      }
    ],
    "explorer_url": [
      "https://pangea.explorer.dexstats.info/"
    ],
    "active": false,
    "currently_enabled": false
  },
  "REVS": {
    "coin": "REVS",
    "name": "REVS",
    "type": "Smart Chain",
    "coingecko_id": "test-coin",
    "coinpaprika_id": "test-coin",
    "electrum": [
      {
        "url": "electrum1.cipig.net:10003"
      },
      {
        "url": "electrum2.cipig.net:10003"
      },
      {
        "url": "electrum3.cipig.net:10003"
      }
    ],
    "explorer_url": [
      "https://revs.explorer.dexstats.info/"
    ],
    "active": false,
    "currently_enabled": false
  },
  "RFOX": {
    "coin": "RFOX",
    "name": "RedFOX Labs",
    "coinpaprika_id": "rfox-redfox-labs",
    "coingecko_id": "redfox-labs",
    "eth_nodes": [
      "http://eth1.cipig.net:8555",
      "http://eth2.cipig.net:8555",
      "http://eth3.cipig.net:8555"
    ],
    "explorer_url": [
      "https://etherscan.io/"
    ],
    "type": "ERC-20",
    "active": false,
    "currently_enabled": false
  },
  "CHIPS": {
    "coin": "CHIPS",
    "type": "UTXO",
    "name": "Chips",
    "coingecko_id": "test-coin",
    "coinpaprika_id": "chips-chips",
    "electrum": [
      {
        "url": "electrum3.cipig.net:10053"
      },
      {
        "url": "electrum2.cipig.net:10053"
      },
      {
        "url": "electrum1.cipig.net:10053"
      }
    ],
    "explorer_url": [
      "http://chips.komodochainz.info/"
    ],
    "active": false,
    "currently_enabled": false
  },
  "SUPERNET": {
    "coin": "SUPERNET",
    "name": "Supernet",
    "type": "Smart Chain",
    "coingecko_id": "test-coin",
    "coinpaprika_id": "test-coin",
    "electrum": [
      {
        "url": "electrum1.cipig.net:10005"
      },
      {
        "url": "electrum2.cipig.net:10005"
      },
      {
        "url": "electrum3.cipig.net:10005"
      }
    ],
    "explorer_url": [
      "https://supernet.explorer.dexstats.info/"
    ],
    "active": false,
    "currently_enabled": false
  },
  "VRSC": {
    "coin": "VRSC",
    "type": "Smart Chain",
    "name": "Verus Coin",
    "coingecko_id": "verus-coin",
    "coinpaprika_id": "vrsc-verus-coin",
    "electrum": [
      {
        "url": "el0.veruscoin.io:17485"
      },
      {
        "url": "el1.veruscoin.io:17485"
      },
      {
        "url": "el2.veruscoin.io:17485"
      }
    ],
    "explorer_url": [
      "https://explorer.veruscoin.io/"
    ],
    "active": false,
    "currently_enabled": false
  },
  "ILN": {
    "coin": "ILN",
    "type": "Smart Chain",
    "name": "iLien",
    "coingecko_id": "test-coin",
    "coinpaprika_id": "test-coin",
    "electrum": [
      {
        "url": "electrum1.ilien.io:65011"
      },
      {
        "url": "electrum2.ilien.io:65011"
      }
    ],
    "explorer_url": [
      "https://iln.explorer.dexstats.info/"
    ],
    "active": false,
    "currently_enabled": false
  },
  "MONA": {
    "coin": "MONA",
    "name": "MonaCoin",
    "coinpaprika_id": "mona-monacoin",
    "coingecko_id": "monacoin",
    "electrum": [
      {
        "url": "electrumx3.monacoin.nl:50001"
      },
      {
        "url": "electrumx1.monacoin.ninja:50001"
      },
      {
        "url": "electrumx.tamami-foundation.org:50001"
      }
    ],
    "explorer_url": [
      "https://mona.chainsight.info/"
    ],
    "type": "UTXO",
    "active": false,
    "currently_enabled": false
  },
  "NAV": {
    "coin": "NAV",
    "name": "NavCoin",
    "coinpaprika_id": "nav-navcoin",
    "electrum": [
      {
        "url": "electrum1.cipig.net:10056"
      },
      {
        "url": "electrum2.cipig.net:10056"
      },
      {
        "url": "electrum3.cipig.net:10056"
      }
    ],
    "explorer_url": [
      "https://www.navexplorer.com/"
    ],
    "type": "UTXO",
    "active": false,
    "currently_enabled": false
  },
  "NMC": {
    "coin": "NMC",
    "name": "Namecoin",
    "coinpaprika_id": "nmc-namecoin",
    "coingecko_id": "namecoin",
    "electrum": [
      {
        "url": "electrumx1.nmc.bitclc.net:50001"
      },
      {
        "url": "electrumx2.nmc.bitclc.net:50001"
      },
      {
        "url": "electrumx3.nmc.bitclc.net:50001"
      },
      {
        "url": "electrumx4.nmc.bitclc.net:50001"
      }
    ],
    "explorer_url": [
      "https://nmc.tokenview.com/en/"
    ],
    "type": "UTXO",
    "active": false,
    "currently_enabled": false
  },
  "OOT": {
    "coin": "OOT",
    "name": "Utrum",
    "coinpaprika_id": "oot-utrum",
    "coingecko_id": "utrum",
    "electrum": [
      {
        "url": "electrum1.cipig.net:10021"
      },
      {
        "url": "electrum2.cipig.net:10021"
      },
      {
        "url": "electrum3.cipig.net:10021"
      }
    ],
    "explorer_url": [
      "https://explorer.utrum.io/"
    ],
    "type": "Smart Chain",
    "active": false,
    "currently_enabled": false
  },
  "QTUM": {
    "coin": "QTUM",
    "name": "Qtum",
    "coinpaprika_id": "qtum-qtum",
    "electrum": [
      {
        "url": "electrum1.cipig.net:10050"
      },
      {
        "url": "electrum2.cipig.net:10050"
      },
      {
        "url": "electrum3.cipig.net:10050"
      }
    ],
    "explorer_url": [
      "https://explorer.qtum.org/"
    ],
    "type": "QRC-20",
    "active": false,
    "currently_enabled": false
  },
  "RVN": {
    "coin": "RVN",
    "name": "Ravencoin",
    "coinpaprika_id": "rvn-ravencoin",
    "electrum": [
      {
        "url": "electrum1.cipig.net:10051"
      },
      {
        "url": "electrum2.cipig.net:10051"
      },
      {
        "url": "electrum3.cipig.net:10051"
      }
    ],
    "explorer_url": [
      "https://ravencoin.network/"
    ],
    "type": "UTXO",
    "active": false,
    "currently_enabled": false
  },
  "SPACE": {
    "coin": "SPACE",
    "name": "Spacecoin",
    "coingecko_id": "test-coin",
    "coinpaprika_id": "test-coin",
    "electrum": [
      {
        "url": "electrum1.spaceworks.co:50001"
      },
      {
        "url": "electrum2.spaceworks.co:50001"
      }
    ],
    "explorer_url": [
      "https://explorer.spaceworks.co/"
    ],
    "type": "Smart Chain",
    "active": false,
    "currently_enabled": false
  },
  "THC": {
    "coin": "THC",
    "name": "HempCoin",
    "coinpaprika_id": "thc-hempcoin",
    "coingecko_id": "hempcoin-thc",
    "electrum": [
      {
        "url": "165.22.52.123:10022"
      },
      {
        "url": "157.230.45.184:10022"
      }
    ],
    "explorer_url": [
      "https://thc.explorer.dexstats.info/"
    ],
    "type": "Smart Chain",
    "active": false,
    "currently_enabled": false
  },
  "VRA": {
    "coin": "VRA",
    "name": "Verasity",
    "coingecko_id": "verasity",
    "coinpaprika_id": "vra-verasity",
    "eth_nodes": [
      "http://eth1.cipig.net:8555",
      "http://eth2.cipig.net:8555",
      "http://eth3.cipig.net:8555"
    ],
    "explorer_url": [
      "https://etherscan.io/"
    ],
    "type": "ERC-20",
    "active": false,
    "currently_enabled": false
  },
  "WLC": {
    "coin": "WLC",
    "name": "Wireless Coin",
    "coinpaprika_id": "test-coin",
    "coingecko_id": "test-coin",
    "electrum": [
      {
        "url": "electrum1.cipig.net:10014"
      },
      {
        "url": "electrum2.cipig.net:10014"
      },
      {
        "url": "electrum3.cipig.net:10014"
      }
    ],
    "explorer_url": [
      "https://wlc21.explorer.dexstats.info/"
    ],
    "type": "Smart Chain",
    "active": false,
    "currently_enabled": false
  },
  "XZC": {
    "coin": "XZC",
    "name": "Zcoin",
    "coinpaprika_id": "xzc-zcoin",
    "electrum": [
      {
        "url": "electrumx01.zcoin.io:50001"
      },
      {
        "url": "electrumx02.zcoin.io:50001"
      },
      {
        "url": "electrumx03.zcoin.io:50001"
      }
    ],
    "explorer_url": [
      "https://explorer.zcoin.io/"
    ],
    "type": "UTXO",
    "active": false,
    "currently_enabled": false
  },
  "ZEC": {
    "active": false,
    "coin": "ZEC",
    "name": "Zcash",
    "coinpaprika_id": "zec-zcash",
    "currently_enabled": false,
    "electrum": [
      {
        "url": "electrum1.cipig.net:10058"
      },
      {
        "url": "electrum2.cipig.net:10058"
      },
      {
        "url": "electrum3.cipig.net:10058"
      }
    ],
    "explorer_tx_url": "transaction/",
    "explorer_url": [
      "https://explorer.zcha.in/"
    ],
    "type": "UTXO"
  },
  "ZER": {
    "coin": "ZER",
    "name": "Zero",
    "coinpaprika_id": "zer-zero",
    "coingecko_id": "zero",
    "electrum": [
      {
        "url": "electrum1.cipig.net:10065"
      },
      {
        "url": "electrum2.cipig.net:10065"
      },
      {
        "url": "electrum3.cipig.net:10065"
      }
    ],
    "explorer_url": [
      "https://insight.zerocurrency.io/insight/"
    ],
    "type": "UTXO",
    "active": false,
    "currently_enabled": false
  },
  "ZILLA": {
    "coin": "ZILLA",
    "name": "ChainZilla",
    "coinpaprika_id": "zilla-chainzilla",
    "coingecko_id": "test-coin",
    "electrum": [
      {
        "url": "electrum1.cipig.net:10028"
      },
      {
        "url": "electrum2.cipig.net:10028"
      },
      {
        "url": "electrum3.cipig.net:10028"
      }
    ],
    "explorer_url": [
      "https://zilla.explorer.dexstats.info/"
    ],
    "type": "Smart Chain",
    "active": false,
    "currently_enabled": false
  },
  "tBTC": {
    "active": false,
    "coin": "tBTC",
    "coingecko_id": "test-coin",
    "coinpaprika_id": "test-coin",
    "currently_enabled": false,
    "electrum": [
      {
        "url": "testnet.aranguren.org:51001",
        "protocol": "TCP"
      },
      {
        "url": "electrum1.cipig.net:10068"
      },
      {
        "url": "electrum2.cipig.net:10068"
      },
      {
        "url": "electrum3.cipig.net:10068"
      }
    ],
    "explorer_url": [
      "https://blockstream.info/testnet/"
    ],
    "name": "Bitcoin (testnet BTC)",
    "type": "UTXO"
  },
  "QRC20": {
    "active": false,
    "coin": "QRC20",
    "coingecko_id": "test-coin",
    "coinpaprika_id": "test-coin",
    "currently_enabled": false,
    "electrum": [
      {
        "url": "95.217.83.126:10001"
      }
    ],
    "explorer_url": [
      "https://testnet.qtum.info/"
    ],
    "name": "QRC20 (testnet)",
    "type": "QRC-20"
  }
}
