{
  "notification_enabled": true,
  "lang": "en",
  "available_lang": [
    "en",
    "fr",
    "tr",
    "ru"
  ],
  "current_currency": "USD",
  "current_fiat": "USD",
  "current_currency_sign": "$",
  "current_fiat_sign": "$",
  "available_signs": {
    "USD": "$",
    "EUR": "€",
    "GBP": "£",
    "HKD": "HK$",
    "IDR": "IDR",
    "ILS": "₪",
    "DKK": "DKK",
    "INR": "₹",
    "CHF": "CHF",
    "MXN": "MXN",
    "CZK": "CZK",
    "SGD": "SGD",
    "THB": "฿",
    "HRK": "kn",
    "MYR": "MYR",
    "NOK": "NOK",
    "CNY": "¥",
    "BGN": "лв",
    "PHP": "₱",
    "PLN": "zł",
    "ZAR": "R",
    "CAD": "$CA",
    "ISK": "ISK",
    "BRL": "R$",
    "RON": "RON",
    "NZD": "NZ$",
    "TRY": "₺",
    "JPY": "¥",
    "RUB": "₽",
    "KRW": "₩",
    "AUD": "$A",
    "HUF": "Ft",
    "SEK": "kr",
    "KMD": "KMD",
    "BTC": "₿",
    "BTC_ALT": "฿"
  },
  "available_fiat": [
    "USD",
    "EUR",
    "GBP",
    "HKD",
    "IDR",
    "ILS",
    "DKK",
    "INR",
    "CHF",
    "MXN",
    "CZK",
    "SGD",
    "THB",
    "HRK",
    "MYR",
    "NOK",
    "CNY",
    "BGN",
    "PHP",
    "PLN",
    "ZAR",
    "CAD",
    "ISK",
    "BRL",
    "RON",
    "NZD",
    "TRY",
    "JPY",
    "RUB",
    "KRW",
    "AUD",
    "HUF",
    "SEK"
  ],
  "possible_currencies": [
    "USD",
    "BTC",
    "KMD"
  ]
}